n_B,group,m,n_lift,n_bases,n_cotree,voltage_assignments_swept,nonsimple,disconnected,simple_connected_lifts,c4_killed_in_liftgen,checked_by_p2check128,nearmiss_pre_C32,survivors_4_8_16_32_64,coverage,cell_wall_span_s,sum_shard_wall_s
8,Z9,9,72,71,5,4192479,1103946,6729,3081804,484716,2597088,0,0,EXHAUSTIVE,55,55.0
8,Z10,10,80,71,5,7100000,2439454,127442,4533104,1192256,3340848,0,0,EXHAUSTIVE,75,75.0
8,Z11,11,88,71,5,11434621,2523076,5,8911540,1148340,7763200,0,0,EXHAUSTIVE,207,207.0
8,Z12,12,96,71,5,17667072,5219424,297588,12150060,4791844,7358216,32,0,EXHAUSTIVE,244,244.0
8,Z13,13,104,71,5,26361803,5004174,5,21357624,2323416,19034208,0,0,EXHAUSTIVE,641,641.0
8,Z14,14,112,71,5,38185504,9889362,804454,27491688,5185680,22306008,0,0,EXHAUSTIVE,840,840.0
8,Z15,15,120,71,5,53915625,8978616,133873,44803136,4189584,40613552,64,0,EXHAUSTIVE,1058,1957.0
10,Z7,7,70,388,6,45647812,16207569,19,29440224,6213762,23226462,0,0,EXHAUSTIVE,212,399.0
10,Z8,8,80,388,6,101711872,45072092,488904,56150876,31882156,24268720,0,0,EXHAUSTIVE,221,575.0
10,Z9,9,90,388,6,206199108,59390545,99443,146709120,24093954,122615166,0,0,EXHAUSTIVE,781,3397.0
10,Z10,10,100,388,6,388000000,144817978,3268990,239913032,66564044,173348988,0,0,EXHAUSTIVE,987,6323.0
10,Z11,11,110,388,6,687365668,166405489,19,520960160,70135950,450824210,160,0,EXHAUSTIVE,1838,19219.0
10,Z12,12,120,388,6,1158561792,373070752,8758164,776732876,326290532,450442344,0,0,EXHAUSTIVE,1739,22753.0
12,Z6,6,72,2592,7,725594112,415095186,1849814,308649112,142528164,166120948,0,0,EXHAUSTIVE,497,3826.0
12,Z7,7,84,2592,7,2134623456,807225311,85,1327398060,295371336,1032026724,0,0,EXHAUSTIVE,2113,25151.0
12,Z8,8,96,2592,7,5435817984,2551452316,11782968,2872582700,1708536756,1164045944,0,0,EXHAUSTIVE,2694,43596.0
12,Z9,9,108,2592,7,12397455648,3816616955,1823977,8579014716,1494281280,7084733436,24,0,EXHAUSTIVE,8116,185088.0
12,Z10,10,120,2592,7,25920000000,10283776230,103652170,15532571600,4558476768,10974094832,0,0,EXHAUSTIVE,21431,487479.0
