a	b	count
1	58	18943
1	103	22335
1	187	36692
2	59	19125
2	80	27177
2	131	18848
3	60	23632
3	132	24530
3	165	42734
4	22	19805
4	133	12703
4	145	17580
5	23	26335
5	134	19067
5	146	22110
6	24	19203
6	135	12774
6	147	17301
7	22	16329
7	70	17644
7	168	28851
8	23	21741
8	71	23494
8	152	38367
9	24	17340
9	72	18548
9	167	32704
10	74	13326
10	80	15417
10	136	19053
11	15	20324
11	75	32185
11	96	23675
12	73	13399
12	79	17897
12	138	21748
13	94	16962
13	127	13830
13	138	17672
14	95	18363
14	128	14030
14	136	22083
15	96	21813
15	137	23985
16	78	57163
16	88	42534
16	91	38819
17	89	19934
17	92	21058
17	162	36726
18	90	13394
18	93	14398
18	151	19604
19	28	22201
19	85	12774
19	166	17227
20	86	12487
20	167	16711
20	183	17776
21	87	11736
21	168	15321
21	181	16963
22	70	12258
23	71	19246
24	72	12683
25	43	22029
25	49	15983
25	92	24712
26	47	24803
26	50	17382
26	84	29141
27	33	18433
27	45	21125
27	102	15200
28	34	24940
28	43	40375
29	32	41521
29	35	21366
29	38	21731
30	33	34028
30	36	18410
30	39	18864
31	81	42746
31	100	35732
31	175	32412
32	101	30138
32	176	27097
33	102	21889
34	37	13990
34	182	20146
35	38	13855
35	183	22227
36	39	12676
36	181	20922
37	85	18452
37	182	18374
38	86	23694
39	87	21374
40	103	16758
40	106	17478
40	160	24712
41	104	26447
41	107	26628
41	161	47575
42	77	38530
42	105	24372
42	108	23576
43	49	21114
44	84	24518
44	141	45587
44	158	23653
45	51	26574
45	159	34779
46	49	23963
46	89	23666
46	157	34701
47	50	22895
47	176	41048
48	51	25172
48	101	48623
48	177	26217
50	174	27431
51	177	17438
52	58	16886
52	130	18428
52	138	30244
53	59	24090
53	104	28646
53	186	42156
54	60	23791
54	96	37330
54	105	28111
55	61	18377
55	112	35923
55	118	21508
56	98	27764
56	119	26594
56	139	48288
57	99	23389
57	114	36477
57	120	23630
58	130	15099
59	131	17579
60	132	19219
61	115	11018
61	124	15303
62	116	18920
62	125	24031
62	152	25147
63	117	25190
63	120	15586
63	153	19664
64	139	34652
64	142	48403
64	148	36319
65	140	22585
65	143	36290
65	149	29421
66	93	21751
66	141	22497
66	150	15494
67	109	21698
67	163	21930
67	180	39784
68	79	29039
68	110	15373
68	164	18112
69	94	32981
69	111	23981
69	165	24782
70	160	21382
71	161	29814
72	162	22695
73	79	17872
73	127	22885
74	80	15856
74	128	19154
75	81	26117
75	129	21076
76	112	23360
76	136	30714
76	154	19902
77	113	26790
77	155	23860
78	114	28321
78	156	32020
81	129	25793
82	91	55046
82	159	28998
82	172	28238
83	100	68454
83	157	33750
83	173	37296
84	158	18199
85	166	14736
86	167	19141
87	168	16846
88	91	40723
88	148	66955
89	92	15368
90	93	11723
90	144	18785
94	127	19177
95	111	32275
95	128	17388
97	115	13230
97	118	10123
97	151	10989
98	116	31294
98	119	19200
99	117	16703
99	126	21084
100	175	42522
101	176	28661
102	177	29267
103	106	14165
104	107	20109
105	108	18809
106	130	23745
107	131	29323
108	132	30577
109	163	16809
109	178	24067
110	164	12456
110	179	18637
111	165	24744
112	154	23823
113	155	24606
113	182	35506
114	156	24828
115	124	14226
116	125	23578
117	126	20783
118	151	14205
119	152	29778
120	153	19678
121	142	26310
121	169	18208
121	178	15326
122	143	19176
122	170	15629
122	179	11671
123	144	34689
123	171	21179
123	180	24904
124	172	29063
125	173	43327
126	174	37529
129	137	29723
133	145	16269
133	160	15642
134	146	21994
134	161	27893
135	147	18163
135	162	21959
137	185	39120
139	148	39754
140	149	29137
140	153	32240
141	150	23362
142	163	26329
143	164	21826
144	150	24608
145	154	33537
146	155	37478
147	156	32722
149	175	52580
157	173	27367
158	174	24940
159	172	23549
166	169	27553
169	178	18375
170	179	15792
170	183	26357
171	180	23206
171	181	28929
184	186	24882
184	189	30026
184	190	21832
185	188	22344
185	189	23560
186	190	25084
187	188	25314
187	190	29722
188	189	21190
