436211	0	3	(1, 4, 6)	/mnt/data/work2/caps8/cap_g0_v3_p146.edge
436211	0	3	(1, 6, 4)	/mnt/data/work2/caps8/cap_g0_v3_p164.edge
436211	0	3	(4, 1, 6)	/mnt/data/work2/caps8/cap_g0_v3_p416.edge
436211	0	3	(4, 6, 1)	/mnt/data/work2/caps8/cap_g0_v3_p461.edge
436211	0	3	(6, 1, 4)	/mnt/data/work2/caps8/cap_g0_v3_p614.edge
436211	0	3	(6, 4, 1)	/mnt/data/work2/caps8/cap_g0_v3_p641.edge
436211	0	6	(0, 3, 5)	/mnt/data/work2/caps8/cap_g0_v6_p035.edge
436211	0	6	(0, 5, 3)	/mnt/data/work2/caps8/cap_g0_v6_p053.edge
436211	0	6	(3, 0, 5)	/mnt/data/work2/caps8/cap_g0_v6_p305.edge
436211	0	6	(3, 5, 0)	/mnt/data/work2/caps8/cap_g0_v6_p350.edge
436211	0	6	(5, 0, 3)	/mnt/data/work2/caps8/cap_g0_v6_p503.edge
436211	0	6	(5, 3, 0)	/mnt/data/work2/caps8/cap_g0_v6_p530.edge
446643	1	0	(2, 3, 4)	/mnt/data/work2/caps8/cap_g1_v0_p234.edge
446643	1	0	(2, 4, 3)	/mnt/data/work2/caps8/cap_g1_v0_p243.edge
446643	1	0	(3, 2, 4)	/mnt/data/work2/caps8/cap_g1_v0_p324.edge
446643	1	0	(3, 4, 2)	/mnt/data/work2/caps8/cap_g1_v0_p342.edge
446643	1	0	(4, 2, 3)	/mnt/data/work2/caps8/cap_g1_v0_p423.edge
446643	1	0	(4, 3, 2)	/mnt/data/work2/caps8/cap_g1_v0_p432.edge
446643	1	6	(2, 3, 4)	/mnt/data/work2/caps8/cap_g1_v6_p234.edge
446643	1	6	(2, 4, 3)	/mnt/data/work2/caps8/cap_g1_v6_p243.edge
446643	1	6	(3, 2, 4)	/mnt/data/work2/caps8/cap_g1_v6_p324.edge
446643	1	6	(3, 4, 2)	/mnt/data/work2/caps8/cap_g1_v6_p342.edge
446643	1	6	(4, 2, 3)	/mnt/data/work2/caps8/cap_g1_v6_p423.edge
446643	1	6	(4, 3, 2)	/mnt/data/work2/caps8/cap_g1_v6_p432.edge