part,n_B,group,group_order,n_lift,n_bases,n_cotree,voltage_assignments_swept,nonsimple,disconnected,simple_connected_lifts,survivors,coverage
A,2,Z23,23,46,2,2,1058,112,0,946,0,EXHAUSTIVE
A,2,Z24,24,48,2,2,1152,162,278,712,0,EXHAUSTIVE
A,2,Z25,25,50,2,2,1250,122,28,1100,0,EXHAUSTIVE
A,2,Z26,26,52,2,2,1352,176,276,900,0,EXHAUSTIVE
A,2,Z27,27,54,2,2,1458,132,120,1206,0,EXHAUSTIVE
A,2,Z28,28,56,2,2,1568,190,310,1068,0,EXHAUSTIVE
A,2,Z29,29,58,2,2,1682,142,0,1540,0,EXHAUSTIVE
A,2,Z30,30,60,2,2,1800,204,516,1080,0,EXHAUSTIVE
A,2,Z31,31,62,2,2,1922,152,0,1770,0,EXHAUSTIVE
A,4,Z12,12,48,5,3,8640,2040,764,5836,0,EXHAUSTIVE
A,4,Z13,13,52,5,3,10985,1588,1,9396,0,EXHAUSTIVE
A,4,Z14,14,56,5,3,13720,2826,1288,9606,0,EXHAUSTIVE
A,4,Z15,15,60,5,3,16875,2132,479,14264,0,EXHAUSTIVE
C,4,A4,12,48,5,3,8640,3188,364,5088,0,EXHAUSTIVE
C,4,D6,12,48,5,3,8640,4692,1620,2328,0,EXHAUSTIVE
C,4,Dic3,12,48,5,3,8640,2040,1032,5568,0,EXHAUSTIVE
C,4,Z2xZ6,12,48,5,3,8640,3188,1828,3624,0,EXHAUSTIVE
C,4,D7,14,56,5,3,13720,6834,1342,5544,0,EXHAUSTIVE
A,6,Z8,8,48,17,4,69632,25740,1736,42156,0,EXHAUSTIVE
A,6,Z9,9,54,17,4,111537,26079,606,84852,0,EXHAUSTIVE
A,6,Z10,10,60,17,4,170000,52422,6586,110992,0,EXHAUSTIVE
C,6,D4,8,48,17,4,69632,44316,3836,21480,0,EXHAUSTIVE
C,6,Q8,8,48,17,4,69632,25740,5108,38784,0,EXHAUSTIVE
C,6,Z2xZ2xZ2,8,48,17,4,69632,48840,7016,13776,0,EXHAUSTIVE
C,6,Z2xZ4,8,48,17,4,69632,37048,4472,28112,0,EXHAUSTIVE
C,6,Z3xZ3,9,54,17,4,111537,26079,2418,83040,0,EXHAUSTIVE
C,6,D5,10,60,17,4,170000,96182,6778,67040,0,EXHAUSTIVE
A,8,Z6,6,48,71,5,552096,279402,7022,265672,0,EXHAUSTIVE
A,8,Z7,7,56,71,5,1193297,389136,5,804156,0,EXHAUSTIVE
C,8,S3,6,48,71,5,552096,378090,7608,166398,0,EXHAUSTIVE
B,10,Z5,5,50,388,6,6062500,2796001,19,3266480,0,EXHAUSTIVE
B,10,Z6,6,60,388,6,18102528,9830758,101934,8169836,0,EXHAUSTIVE
C,10,S3,6,60,388,6,18102528,13131394,106916,4864218,0,EXHAUSTIVE
B,12,Z4,4,48,2592,7,42467328,30684360,25922,11757046,0,EXHAUSTIVE
B,12,Z5,5,60,2592,7,202500000,98873667,85,103626248,0,EXHAUSTIVE
C,12,Z2xZ2,4,48,2592,7,42467328,37197692,77596,5192040,0,EXHAUSTIVE
